image_name,patient,label,label_id,quality_score,processed_path,original_width,original_height,processed_width,processed_height,channels,split
0_0.jpg,0,GON+,0,6.18,data\processed\Images\0_0.jpg,1918,1918,224,224,RGB,train
10_0.jpg,10,GON+,0,6.45,data\processed\Images\10_0.jpg,1878,1878,224,224,RGB,train
10_1.jpg,10,GON+,0,4.41,data\processed\Images\10_1.jpg,1881,1881,224,224,RGB,train
10_2.jpg,10,GON+,0,3.33,data\processed\Images\10_2.jpg,1881,1881,224,224,RGB,train
101_0.jpg,101,GON+,0,3.37,data\processed\Images\101_0.jpg,1888,1888,224,224,RGB,train
102_0.jpg,102,GON+,0,5.73,data\processed\Images\102_0.jpg,1896,1896,224,224,RGB,train
102_1.jpg,102,GON+,0,6.09,data\processed\Images\102_1.jpg,1890,1890,224,224,RGB,train
103_0.jpg,103,GON+,0,6.7,data\processed\Images\103_0.jpg,1883,1883,224,224,RGB,train
103_1.jpg,103,GON+,0,5.35,data\processed\Images\103_1.jpg,1894,1894,224,224,RGB,train
104_0.jpg,104,GON+,0,4.52,data\processed\Images\104_0.jpg,1875,1875,224,224,RGB,train
104_1.jpg,104,GON+,0,6.32,data\processed\Images\104_1.jpg,1887,1887,224,224,RGB,train
104_2.jpg,104,GON+,0,5.42,data\processed\Images\104_2.jpg,1894,1894,224,224,RGB,train
104_3.jpg,104,GON+,0,6.07,data\processed\Images\104_3.jpg,1878,1878,224,224,RGB,train
104_4.jpg,104,GON+,0,5.9,data\processed\Images\104_4.jpg,1917,1917,224,224,RGB,train
104_5.jpg,104,GON+,0,5.75,data\processed\Images\104_5.jpg,1894,1894,224,224,RGB,train
104_6.jpg,104,GON+,0,4.45,data\processed\Images\104_6.jpg,1894,1894,224,224,RGB,train
105_0.jpg,105,GON+,0,7.03,data\processed\Images\105_0.jpg,1916,1916,224,224,RGB,train
105_1.jpg,105,GON+,0,3.89,data\processed\Images\105_1.jpg,1910,1910,224,224,RGB,train
106_0.jpg,106,GON+,0,5.24,data\processed\Images\106_0.jpg,1875,1875,224,224,RGB,train
107_0.jpg,107,GON+,0,6.67,data\processed\Images\107_0.jpg,1927,1927,224,224,RGB,train
107_1.jpg,107,GON+,0,3.94,data\processed\Images\107_1.jpg,1909,1909,224,224,RGB,train
107_2.jpg,107,GON+,0,3.73,data\processed\Images\107_2.jpg,1938,1938,224,224,RGB,train
108_0.jpg,108,GON+,0,6.13,data\processed\Images\108_0.jpg,1911,1911,224,224,RGB,train
108_1.jpg,108,GON+,0,7.28,data\processed\Images\108_1.jpg,1881,1881,224,224,RGB,train
108_2.jpg,108,GON+,0,5.95,data\processed\Images\108_2.jpg,1890,1890,224,224,RGB,train
108_3.jpg,108,GON+,0,6.6,data\processed\Images\108_3.jpg,1898,1898,224,224,RGB,train
108_4.jpg,108,GON+,0,5.52,data\processed\Images\108_4.jpg,1881,1881,224,224,RGB,train
109_0.jpg,109,GON+,0,6.42,data\processed\Images\109_0.jpg,1893,1893,224,224,RGB,train
109_1.jpg,109,GON+,0,6.74,data\processed\Images\109_1.jpg,1887,1887,224,224,RGB,train
109_2.jpg,109,GON+,0,4.94,data\processed\Images\109_2.jpg,1907,1907,224,224,RGB,train
109_3.jpg,109,GON+,0,6.72,data\processed\Images\109_3.jpg,1878,1878,224,224,RGB,train
109_4.jpg,109,GON+,0,3.93,data\processed\Images\109_4.jpg,1874,1874,224,224,RGB,train
11_0.jpg,11,GON+,0,5.41,data\processed\Images\11_0.jpg,1885,1885,224,224,RGB,train
112_0.jpg,112,GON+,0,3.08,data\processed\Images\112_0.jpg,1890,1890,224,224,RGB,train
112_1.jpg,112,GON+,0,5.05,data\processed\Images\112_1.jpg,1883,1883,224,224,RGB,train
112_2.jpg,112,GON+,0,6.28,data\processed\Images\112_2.jpg,1883,1883,224,224,RGB,train
113_0.jpg,113,GON+,0,6.9,data\processed\Images\113_0.jpg,1896,1896,224,224,RGB,train
114_0.jpg,114,GON+,0,4.49,data\processed\Images\114_0.jpg,1898,1898,224,224,RGB,train
114_1.jpg,114,GON+,0,4.05,data\processed\Images\114_1.jpg,1886,1886,224,224,RGB,train
114_2.jpg,114,GON+,0,3.81,data\processed\Images\114_2.jpg,1899,1899,224,224,RGB,train
115_0.jpg,115,GON+,0,2.92,data\processed\Images\115_0.jpg,1878,1878,224,224,RGB,train
115_1.jpg,115,GON+,0,3.85,data\processed\Images\115_1.jpg,1878,1878,224,224,RGB,train
116_0.jpg,116,GON+,0,6.9,data\processed\Images\116_0.jpg,1878,1878,224,224,RGB,train
116_1.jpg,116,GON+,0,6.43,data\processed\Images\116_1.jpg,1916,1916,224,224,RGB,train
119_0.jpg,119,GON+,0,4.8,data\processed\Images\119_0.jpg,1932,1932,224,224,RGB,train
119_1.jpg,119,GON+,0,6.49,data\processed\Images\119_1.jpg,1920,1920,224,224,RGB,train
120_0.jpg,120,GON+,0,6.76,data\processed\Images\120_0.jpg,1886,1886,224,224,RGB,train
120_1.jpg,120,GON+,0,6.05,data\processed\Images\120_1.jpg,1896,1896,224,224,RGB,train
122_0.jpg,122,GON+,0,5.22,data\processed\Images\122_0.jpg,1920,1920,224,224,RGB,train
122_1.jpg,122,GON+,0,5.84,data\processed\Images\122_1.jpg,1893,1893,224,224,RGB,train
123_0.jpg,123,GON+,0,5.82,data\processed\Images\123_0.jpg,1913,1913,224,224,RGB,train
123_1.jpg,123,GON+,0,6.43,data\processed\Images\123_1.jpg,1922,1922,224,224,RGB,train
123_2.jpg,123,GON+,0,6.72,data\processed\Images\123_2.jpg,1907,1907,224,224,RGB,train
124_0.jpg,124,GON+,0,6.0,data\processed\Images\124_0.jpg,1880,1880,224,224,RGB,train
126_0.jpg,126,GON+,0,6.89,data\processed\Images\126_0.jpg,1881,1881,224,224,RGB,train
126_1.jpg,126,GON+,0,6.55,data\processed\Images\126_1.jpg,1878,1878,224,224,RGB,train
127_0.jpg,127,GON+,0,5.62,data\processed\Images\127_0.jpg,1891,1891,224,224,RGB,train
128_0.jpg,128,GON+,0,2.38,data\processed\Images\128_0.jpg,1896,1896,224,224,RGB,train
129_0.jpg,129,GON+,0,3.51,data\processed\Images\129_0.jpg,1906,1906,224,224,RGB,train
129_1.jpg,129,GON+,0,5.23,data\processed\Images\129_1.jpg,1891,1891,224,224,RGB,train
129_2.jpg,129,GON+,0,3.55,data\processed\Images\129_2.jpg,1920,1920,224,224,RGB,train
13_0.jpg,13,GON+,0,6.19,data\processed\Images\13_0.jpg,1882,1882,224,224,RGB,train
13_1.jpg,13,GON+,0,5.93,data\processed\Images\13_1.jpg,1882,1882,224,224,RGB,train
130_0.jpg,130,GON+,0,4.2,data\processed\Images\130_0.jpg,1910,1910,224,224,RGB,train
131_0.jpg,131,GON+,0,5.46,data\processed\Images\131_0.jpg,1960,1960,224,224,RGB,train
133_0.jpg,133,GON+,0,5.61,data\processed\Images\133_0.jpg,1919,1919,224,224,RGB,train
135_0.jpg,135,GON+,0,4.4,data\processed\Images\135_0.jpg,1893,1893,224,224,RGB,train
135_1.jpg,135,GON+,0,4.92,data\processed\Images\135_1.jpg,1885,1885,224,224,RGB,train
135_2.jpg,135,GON+,0,4.47,data\processed\Images\135_2.jpg,1889,1889,224,224,RGB,train
135_3.jpg,135,GON+,0,3.73,data\processed\Images\135_3.jpg,1893,1893,224,224,RGB,train
135_4.jpg,135,GON+,0,3.97,data\processed\Images\135_4.jpg,1911,1911,224,224,RGB,train
136_0.jpg,136,GON+,0,6.98,data\processed\Images\136_0.jpg,1960,1960,224,224,RGB,train
136_1.jpg,136,GON+,0,6.41,data\processed\Images\136_1.jpg,1960,1960,224,224,RGB,train
137_0.jpg,137,GON+,0,4.84,data\processed\Images\137_0.jpg,1899,1899,224,224,RGB,train
138_0.jpg,138,GON+,0,5.88,data\processed\Images\138_0.jpg,1917,1917,224,224,RGB,train
138_1.jpg,138,GON+,0,3.17,data\processed\Images\138_1.jpg,1908,1908,224,224,RGB,train
138_2.jpg,138,GON+,0,4.72,data\processed\Images\138_2.jpg,1920,1920,224,224,RGB,train
139_0.jpg,139,GON+,0,3.1,data\processed\Images\139_0.jpg,1908,1908,224,224,RGB,train
139_1.jpg,139,GON+,0,2.04,data\processed\Images\139_1.jpg,1914,1914,224,224,RGB,train
139_2.jpg,139,GON+,0,3.7,data\processed\Images\139_2.jpg,1909,1909,224,224,RGB,train
14_0.jpg,14,GON+,0,6.13,data\processed\Images\14_0.jpg,1878,1878,224,224,RGB,train
14_1.jpg,14,GON+,0,2.75,data\processed\Images\14_1.jpg,1873,1873,224,224,RGB,train
140_0.jpg,140,GON+,0,5.19,data\processed\Images\140_0.jpg,1894,1894,224,224,RGB,train
140_1.jpg,140,GON+,0,3.95,data\processed\Images\140_1.jpg,1882,1882,224,224,RGB,train
140_2.jpg,140,GON+,0,5.5,data\processed\Images\140_2.jpg,1907,1907,224,224,RGB,train
141_0.jpg,141,GON+,0,4.69,data\processed\Images\141_0.jpg,1876,1876,224,224,RGB,train
141_1.jpg,141,GON+,0,5.7,data\processed\Images\141_1.jpg,1880,1880,224,224,RGB,train
141_2.jpg,141,GON+,0,6.73,data\processed\Images\141_2.jpg,1877,1877,224,224,RGB,train
141_3.jpg,141,GON+,0,5.92,data\processed\Images\141_3.jpg,1877,1877,224,224,RGB,train
141_4.jpg,141,GON+,0,3.52,data\processed\Images\141_4.jpg,1885,1885,224,224,RGB,train
141_5.jpg,141,GON+,0,5.18,data\processed\Images\141_5.jpg,1895,1895,224,224,RGB,train
141_6.jpg,141,GON+,0,6.77,data\processed\Images\141_6.jpg,1918,1918,224,224,RGB,train
142_0.jpg,142,GON+,0,3.45,data\processed\Images\142_0.jpg,1894,1894,224,224,RGB,train
143_0.jpg,143,GON+,0,4.81,data\processed\Images\143_0.jpg,1906,1906,224,224,RGB,train
143_1.jpg,143,GON+,0,6.24,data\processed\Images\143_1.jpg,1896,1896,224,224,RGB,train
143_2.jpg,143,GON+,0,6.31,data\processed\Images\143_2.jpg,1891,1891,224,224,RGB,train
143_3.jpg,143,GON+,0,7.22,data\processed\Images\143_3.jpg,1880,1880,224,224,RGB,train
143_4.jpg,143,GON+,0,6.45,data\processed\Images\143_4.jpg,1889,1889,224,224,RGB,train
144_0.jpg,144,GON+,0,6.88,data\processed\Images\144_0.jpg,1893,1893,224,224,RGB,train
144_1.jpg,144,GON+,0,6.28,data\processed\Images\144_1.jpg,1890,1890,224,224,RGB,train
144_2.jpg,144,GON+,0,7.34,data\processed\Images\144_2.jpg,1934,1934,224,224,RGB,train
144_3.jpg,144,GON+,0,6.21,data\processed\Images\144_3.jpg,1920,1920,224,224,RGB,train
147_0.jpg,147,GON+,0,3.68,data\processed\Images\147_0.jpg,1905,1905,224,224,RGB,train
147_1.jpg,147,GON+,0,5.4,data\processed\Images\147_1.jpg,1922,1922,224,224,RGB,train
148_0.jpg,148,GON+,0,5.88,data\processed\Images\148_0.jpg,1873,1873,224,224,RGB,train
148_2.jpg,148,GON+,0,5.19,data\processed\Images\148_2.jpg,1901,1901,224,224,RGB,train
148_3.jpg,148,GON+,0,5.33,data\processed\Images\148_3.jpg,1889,1889,224,224,RGB,train
15_0.jpg,15,GON+,0,5.45,data\processed\Images\15_0.jpg,1894,1894,224,224,RGB,train
151_0.jpg,151,GON+,0,5.94,data\processed\Images\151_0.jpg,1920,1920,224,224,RGB,train
151_1.jpg,151,GON+,0,5.1,data\processed\Images\151_1.jpg,1898,1898,224,224,RGB,train
151_2.jpg,151,GON+,0,5.65,data\processed\Images\151_2.jpg,1891,1891,224,224,RGB,train
151_3.jpg,151,GON+,0,6.82,data\processed\Images\151_3.jpg,1903,1903,224,224,RGB,train
151_4.jpg,151,GON+,0,5.97,data\processed\Images\151_4.jpg,1899,1899,224,224,RGB,train
152_0.jpg,152,GON+,0,5.8,data\processed\Images\152_0.jpg,1898,1898,224,224,RGB,train
153_0.jpg,153,GON+,0,6.49,data\processed\Images\153_0.jpg,1887,1887,224,224,RGB,train
153_1.jpg,153,GON+,0,6.79,data\processed\Images\153_1.jpg,1885,1885,224,224,RGB,train
153_2.jpg,153,GON+,0,6.17,data\processed\Images\153_2.jpg,1893,1893,224,224,RGB,train
153_3.jpg,153,GON+,0,6.66,data\processed\Images\153_3.jpg,1888,1888,224,224,RGB,train
154_0.jpg,154,GON+,0,5.87,data\processed\Images\154_0.jpg,1877,1877,224,224,RGB,train
154_1.jpg,154,GON+,0,6.86,data\processed\Images\154_1.jpg,1896,1896,224,224,RGB,train
154_2.jpg,154,GON+,0,6.57,data\processed\Images\154_2.jpg,1909,1909,224,224,RGB,train
154_3.jpg,154,GON+,0,7.1,data\processed\Images\154_3.jpg,1932,1932,224,224,RGB,train
154_4.jpg,154,GON+,0,6.09,data\processed\Images\154_4.jpg,1894,1894,224,224,RGB,train
154_5.jpg,154,GON+,0,6.82,data\processed\Images\154_5.jpg,1887,1887,224,224,RGB,train
155_0.jpg,155,GON+,0,4.11,data\processed\Images\155_0.jpg,1892,1892,224,224,RGB,train
155_1.jpg,155,GON+,0,3.46,data\processed\Images\155_1.jpg,1917,1917,224,224,RGB,train
155_2.jpg,155,GON+,0,3.23,data\processed\Images\155_2.jpg,1893,1893,224,224,RGB,train
155_3.jpg,155,GON+,0,3.94,data\processed\Images\155_3.jpg,1916,1916,224,224,RGB,train
156_0.jpg,156,GON+,0,6.35,data\processed\Images\156_0.jpg,1876,1876,224,224,RGB,train
157_0.jpg,157,GON+,0,6.94,data\processed\Images\157_0.jpg,1910,1910,224,224,RGB,train
157_1.jpg,157,GON+,0,6.99,data\processed\Images\157_1.jpg,1884,1884,224,224,RGB,train
157_2.jpg,157,GON+,0,5.58,data\processed\Images\157_2.jpg,1880,1880,224,224,RGB,train
157_3.jpg,157,GON+,0,6.31,data\processed\Images\157_3.jpg,1960,1960,224,224,RGB,train
158_0.jpg,158,GON+,0,5.57,data\processed\Images\158_0.jpg,1890,1890,224,224,RGB,train
158_1.jpg,158,GON+,0,5.9,data\processed\Images\158_1.jpg,1889,1889,224,224,RGB,train
159_0.jpg,159,GON+,0,4.04,data\processed\Images\159_0.jpg,1915,1915,224,224,RGB,train
159_1.jpg,159,GON+,0,6.52,data\processed\Images\159_1.jpg,1876,1876,224,224,RGB,train
16_0.jpg,16,GON+,0,4.92,data\processed\Images\16_0.jpg,1922,1922,224,224,RGB,train
16_1.jpg,16,GON+,0,6.12,data\processed\Images\16_1.jpg,1889,1889,224,224,RGB,train
16_2.jpg,16,GON+,0,6.5,data\processed\Images\16_2.jpg,1919,1919,224,224,RGB,train
16_3.jpg,16,GON+,0,5.44,data\processed\Images\16_3.jpg,1919,1919,224,224,RGB,train
16_4.jpg,16,GON+,0,5.92,data\processed\Images\16_4.jpg,1920,1920,224,224,RGB,train
160_0.jpg,160,GON+,0,6.31,data\processed\Images\160_0.jpg,1896,1896,224,224,RGB,train
160_1.jpg,160,GON+,0,6.5,data\processed\Images\160_1.jpg,1887,1887,224,224,RGB,train
161_0.jpg,161,GON+,0,6.21,data\processed\Images\161_0.jpg,1880,1880,224,224,RGB,train
162_0.jpg,162,GON+,0,5.91,data\processed\Images\162_0.jpg,1899,1899,224,224,RGB,train
162_1.jpg,162,GON+,0,6.73,data\processed\Images\162_1.jpg,1906,1906,224,224,RGB,train
164_0.jpg,164,GON+,0,6.79,data\processed\Images\164_0.jpg,1898,1898,224,224,RGB,train
164_1.jpg,164,GON+,0,7.13,data\processed\Images\164_1.jpg,1902,1902,224,224,RGB,train
164_2.jpg,164,GON+,0,6.53,data\processed\Images\164_2.jpg,1916,1916,224,224,RGB,train
164_3.jpg,164,GON+,0,7.07,data\processed\Images\164_3.jpg,1945,1945,224,224,RGB,train
167_0.jpg,167,GON+,0,5.83,data\processed\Images\167_0.jpg,1893,1893,224,224,RGB,train
167_1.jpg,167,GON+,0,2.9,data\processed\Images\167_1.jpg,1960,1960,224,224,RGB,train
168_0.jpg,168,GON+,0,6.85,data\processed\Images\168_0.jpg,1879,1879,224,224,RGB,train
168_1.jpg,168,GON+,0,6.63,data\processed\Images\168_1.jpg,1878,1878,224,224,RGB,train
168_2.jpg,168,GON+,0,6.32,data\processed\Images\168_2.jpg,1881,1881,224,224,RGB,train
169_0.jpg,169,GON+,0,6.51,data\processed\Images\169_0.jpg,1915,1915,224,224,RGB,train
169_1.jpg,169,GON+,0,6.58,data\processed\Images\169_1.jpg,1914,1914,224,224,RGB,train
169_2.jpg,169,GON+,0,6.57,data\processed\Images\169_2.jpg,1907,1907,224,224,RGB,train
169_3.jpg,169,GON+,0,7.03,data\processed\Images\169_3.jpg,1890,1890,224,224,RGB,train
17_0.jpg,17,GON+,0,6.79,data\processed\Images\17_0.jpg,1884,1884,224,224,RGB,train
17_1.jpg,17,GON+,0,7.04,data\processed\Images\17_1.jpg,1890,1890,224,224,RGB,train
17_2.jpg,17,GON+,0,6.47,data\processed\Images\17_2.jpg,1915,1915,224,224,RGB,train
17_3.jpg,17,GON+,0,6.96,data\processed\Images\17_3.jpg,1960,1960,224,224,RGB,train
17_4.jpg,17,GON+,0,6.93,data\processed\Images\17_4.jpg,1935,1935,224,224,RGB,train
17_5.jpg,17,GON+,0,7.11,data\processed\Images\17_5.jpg,1959,1959,224,224,RGB,train
170_0.jpg,170,GON+,0,6.54,data\processed\Images\170_0.jpg,1893,1893,224,224,RGB,train
170_1.jpg,170,GON+,0,5.85,data\processed\Images\170_1.jpg,1883,1883,224,224,RGB,train
170_2.jpg,170,GON+,0,5.39,data\processed\Images\170_2.jpg,1897,1897,224,224,RGB,train
170_3.jpg,170,GON+,0,4.77,data\processed\Images\170_3.jpg,1884,1884,224,224,RGB,train
170_4.jpg,170,GON+,0,4.34,data\processed\Images\170_4.jpg,1876,1876,224,224,RGB,train
170_5.jpg,170,GON+,0,4.17,data\processed\Images\170_5.jpg,1874,1874,224,224,RGB,train
171_0.jpg,171,GON+,0,6.04,data\processed\Images\171_0.jpg,1904,1904,224,224,RGB,train
173_0.jpg,173,GON+,0,4.39,data\processed\Images\173_0.jpg,1932,1932,224,224,RGB,train
174_0.jpg,174,GON+,0,4.2,data\processed\Images\174_0.jpg,1920,1920,224,224,RGB,train
175_0.jpg,175,GON+,0,6.28,data\processed\Images\175_0.jpg,1924,1924,224,224,RGB,train
175_1.jpg,175,GON+,0,5.9,data\processed\Images\175_1.jpg,1926,1926,224,224,RGB,train
176_0.jpg,176,GON+,0,4.96,data\processed\Images\176_0.jpg,1893,1893,224,224,RGB,train
176_1.jpg,176,GON+,0,4.34,data\processed\Images\176_1.jpg,1907,1907,224,224,RGB,train
176_2.jpg,176,GON+,0,3.69,data\processed\Images\176_2.jpg,1898,1898,224,224,RGB,train
177_0.jpg,177,GON+,0,4.49,data\processed\Images\177_0.jpg,1902,1902,224,224,RGB,train
177_1.jpg,177,GON+,0,6.26,data\processed\Images\177_1.jpg,1917,1917,224,224,RGB,train
177_2.jpg,177,GON+,0,5.94,data\processed\Images\177_2.jpg,1890,1890,224,224,RGB,train
18_0.jpg,18,GON+,0,6.75,data\processed\Images\18_0.jpg,1894,1894,224,224,RGB,train
18_1.jpg,18,GON+,0,6.29,data\processed\Images\18_1.jpg,1921,1921,224,224,RGB,train
18_2.jpg,18,GON+,0,6.64,data\processed\Images\18_2.jpg,1920,1920,224,224,RGB,train
18_3.jpg,18,GON+,0,5.0,data\processed\Images\18_3.jpg,1919,1919,224,224,RGB,train
18_4.jpg,18,GON+,0,6.54,data\processed\Images\18_4.jpg,1894,1894,224,224,RGB,train
181_0.jpg,181,GON+,0,6.3,data\processed\Images\181_0.jpg,1920,1920,224,224,RGB,train
181_1.jpg,181,GON+,0,6.66,data\processed\Images\181_1.jpg,1935,1935,224,224,RGB,train
184_0.jpg,184,GON+,0,4.47,data\processed\Images\184_0.jpg,1928,1928,224,224,RGB,train
184_1.jpg,184,GON+,0,4.43,data\processed\Images\184_1.jpg,1894,1894,224,224,RGB,train
185_0.jpg,185,GON+,0,6.12,data\processed\Images\185_0.jpg,1890,1890,224,224,RGB,train
185_1.jpg,185,GON+,0,6.77,data\processed\Images\185_1.jpg,1917,1917,224,224,RGB,train
185_2.jpg,185,GON+,0,6.64,data\processed\Images\185_2.jpg,1901,1901,224,224,RGB,train
186_0.jpg,186,GON+,0,6.22,data\processed\Images\186_0.jpg,1896,1896,224,224,RGB,train
186_1.jpg,186,GON+,0,6.0,data\processed\Images\186_1.jpg,1908,1908,224,224,RGB,train
186_2.jpg,186,GON+,0,5.42,data\processed\Images\186_2.jpg,1919,1919,224,224,RGB,train
187_0.jpg,187,GON-,1,7.26,data\processed\Images\187_0.jpg,1895,1895,224,224,RGB,train
19_0.jpg,19,GON+,0,5.16,data\processed\Images\19_0.jpg,1890,1890,224,224,RGB,train
191_0.jpg,191,GON-,1,6.88,data\processed\Images\191_0.jpg,1884,1884,224,224,RGB,train
191_1.jpg,191,GON-,1,5.06,data\processed\Images\191_1.jpg,1880,1880,224,224,RGB,train
192_0.jpg,192,GON-,1,7.26,data\processed\Images\192_0.jpg,1891,1891,224,224,RGB,train
192_1.jpg,192,GON-,1,6.69,data\processed\Images\192_1.jpg,1883,1883,224,224,RGB,train
193_0.jpg,193,GON-,1,7.63,data\processed\Images\193_0.jpg,1878,1878,224,224,RGB,train
193_1.jpg,193,GON-,1,7.68,data\processed\Images\193_1.jpg,1894,1894,224,224,RGB,train
194_0.jpg,194,GON-,1,5.84,data\processed\Images\194_0.jpg,1905,1905,224,224,RGB,train
194_1.jpg,194,GON-,1,7.03,data\processed\Images\194_1.jpg,1880,1880,224,224,RGB,train
195_0.jpg,195,GON-,1,6.45,data\processed\Images\195_0.jpg,1889,1889,224,224,RGB,train
195_1.jpg,195,GON-,1,6.24,data\processed\Images\195_1.jpg,1889,1889,224,224,RGB,train
195_2.jpg,195,GON-,1,5.74,data\processed\Images\195_2.jpg,1906,1906,224,224,RGB,train
196_0.jpg,196,GON-,1,5.68,data\processed\Images\196_0.jpg,1879,1879,224,224,RGB,train
198_0.jpg,198,GON-,1,3.71,data\processed\Images\198_0.jpg,1893,1893,224,224,RGB,train
2_0.jpg,2,GON+,0,3.51,data\processed\Images\2_0.jpg,1893,1893,224,224,RGB,train
2_1.jpg,2,GON+,0,4.24,data\processed\Images\2_1.jpg,1900,1900,224,224,RGB,train
20_0.jpg,20,GON+,0,3.85,data\processed\Images\20_0.jpg,1906,1906,224,224,RGB,train
20_1.jpg,20,GON+,0,6.21,data\processed\Images\20_1.jpg,1918,1918,224,224,RGB,train
202_0.jpg,202,GON-,1,5.36,data\processed\Images\202_0.jpg,1890,1890,224,224,RGB,train
202_1.jpg,202,GON-,1,3.78,data\processed\Images\202_1.jpg,1878,1878,224,224,RGB,train
203_0.jpg,203,GON-,1,6.98,data\processed\Images\203_0.jpg,1879,1879,224,224,RGB,train
203_1.jpg,203,GON-,1,6.7,data\processed\Images\203_1.jpg,1881,1881,224,224,RGB,train
204_0.jpg,204,GON-,1,7.42,data\processed\Images\204_0.jpg,1894,1894,224,224,RGB,train
204_1.jpg,204,GON-,1,6.61,data\processed\Images\204_1.jpg,1878,1878,224,224,RGB,train
205_0.jpg,205,GON-,1,5.77,data\processed\Images\205_0.jpg,1898,1898,224,224,RGB,train
205_1.jpg,205,GON-,1,6.27,data\processed\Images\205_1.jpg,1899,1899,224,224,RGB,train
206_0.jpg,206,GON-,1,6.06,data\processed\Images\206_0.jpg,1877,1877,224,224,RGB,train
207_0.jpg,207,GON-,1,5.8,data\processed\Images\207_0.jpg,1910,1910,224,224,RGB,train
207_1.jpg,207,GON-,1,7.01,data\processed\Images\207_1.jpg,1897,1897,224,224,RGB,train
207_2.jpg,207,GON-,1,5.37,data\processed\Images\207_2.jpg,1893,1893,224,224,RGB,train
208_0.jpg,208,GON-,1,6.78,data\processed\Images\208_0.jpg,1880,1880,224,224,RGB,train
208_1.jpg,208,GON-,1,3.33,data\processed\Images\208_1.jpg,1876,1876,224,224,RGB,train
209_0.jpg,209,GON-,1,6.63,data\processed\Images\209_0.jpg,1893,1893,224,224,RGB,train
213_0.jpg,213,GON-,1,6.92,data\processed\Images\213_0.jpg,1880,1880,224,224,RGB,train
214_0.jpg,214,GON-,1,6.47,data\processed\Images\214_0.jpg,1879,1879,224,224,RGB,train
214_1.jpg,214,GON-,1,5.06,data\processed\Images\214_1.jpg,1879,1879,224,224,RGB,train
214_2.jpg,214,GON-,1,6.18,data\processed\Images\214_2.jpg,1879,1879,224,224,RGB,train
214_3.jpg,214,GON-,1,5.93,data\processed\Images\214_3.jpg,1894,1894,224,224,RGB,train
215_0.jpg,215,GON-,1,6.65,data\processed\Images\215_0.jpg,1877,1877,224,224,RGB,train
215_1.jpg,215,GON-,1,6.22,data\processed\Images\215_1.jpg,1893,1893,224,224,RGB,train
215_2.jpg,215,GON-,1,6.36,data\processed\Images\215_2.jpg,1881,1881,224,224,RGB,train
215_3.jpg,215,GON-,1,4.3,data\processed\Images\215_3.jpg,1878,1878,224,224,RGB,train
216_0.jpg,216,GON-,1,5.27,data\processed\Images\216_0.jpg,1894,1894,224,224,RGB,train
217_0.jpg,217,GON-,1,6.06,data\processed\Images\217_0.jpg,1881,1881,224,224,RGB,train
22_0.jpg,22,GON+,0,6.89,data\processed\Images\22_0.jpg,1881,1881,224,224,RGB,train
22_1.jpg,22,GON+,0,7.13,data\processed\Images\22_1.jpg,1881,1881,224,224,RGB,train
220_0.jpg,220,GON-,1,6.15,data\processed\Images\220_0.jpg,1896,1896,224,224,RGB,train
220_1.jpg,220,GON-,1,3.95,data\processed\Images\220_1.jpg,1896,1896,224,224,RGB,train
221_0.jpg,221,GON-,1,5.36,data\processed\Images\221_0.jpg,1879,1879,224,224,RGB,train
222_0.jpg,222,GON-,1,4.11,data\processed\Images\222_0.jpg,1893,1893,224,224,RGB,train
222_1.jpg,222,GON-,1,5.06,data\processed\Images\222_1.jpg,1892,1892,224,224,RGB,train
223_0.jpg,223,GON-,1,6.16,data\processed\Images\223_0.jpg,1909,1909,224,224,RGB,train
223_1.jpg,223,GON-,1,6.24,data\processed\Images\223_1.jpg,1895,1895,224,224,RGB,train
223_2.jpg,223,GON-,1,5.26,data\processed\Images\223_2.jpg,1878,1878,224,224,RGB,train
224_0.jpg,224,GON-,1,7.23,data\processed\Images\224_0.jpg,1894,1894,224,224,RGB,train
224_1.jpg,224,GON-,1,6.65,data\processed\Images\224_1.jpg,1895,1895,224,224,RGB,train
224_2.jpg,224,GON-,1,6.89,data\processed\Images\224_2.jpg,1892,1892,224,224,RGB,train
224_3.jpg,224,GON-,1,6.39,data\processed\Images\224_3.jpg,1897,1897,224,224,RGB,train
227_0.jpg,227,GON-,1,6.93,data\processed\Images\227_0.jpg,1896,1896,224,224,RGB,train
227_1.jpg,227,GON-,1,6.11,data\processed\Images\227_1.jpg,1891,1891,224,224,RGB,train
227_2.jpg,227,GON-,1,5.52,data\processed\Images\227_2.jpg,1894,1894,224,224,RGB,train
227_3.jpg,227,GON-,1,6.23,data\processed\Images\227_3.jpg,1881,1881,224,224,RGB,train
227_4.jpg,227,GON-,1,5.36,data\processed\Images\227_4.jpg,1894,1894,224,224,RGB,train
228_0.jpg,228,GON-,1,6.14,data\processed\Images\228_0.jpg,1893,1893,224,224,RGB,train
229_0.jpg,229,GON-,1,5.34,data\processed\Images\229_0.jpg,1897,1897,224,224,RGB,train
229_1.jpg,229,GON-,1,5.67,data\processed\Images\229_1.jpg,1892,1892,224,224,RGB,train
230_0.jpg,230,GON-,1,7.26,data\processed\Images\230_0.jpg,1892,1892,224,224,RGB,train
230_1.jpg,230,GON-,1,6.26,data\processed\Images\230_1.jpg,1892,1892,224,224,RGB,train
232_0.jpg,232,GON-,1,5.03,data\processed\Images\232_0.jpg,1889,1889,224,224,RGB,train
233_0.jpg,233,GON-,1,5.63,data\processed\Images\233_0.jpg,1896,1896,224,224,RGB,train
237_0.jpg,237,GON-,1,5.78,data\processed\Images\237_0.jpg,1880,1880,224,224,RGB,train
237_1.jpg,237,GON-,1,5.85,data\processed\Images\237_1.jpg,1881,1881,224,224,RGB,train
238_0.jpg,238,GON-,1,6.87,data\processed\Images\238_0.jpg,1893,1893,224,224,RGB,train
238_1.jpg,238,GON-,1,6.04,data\processed\Images\238_1.jpg,1893,1893,224,224,RGB,train
240_0.jpg,240,GON-,1,5.35,data\processed\Images\240_0.jpg,1878,1878,224,224,RGB,train
240_1.jpg,240,GON-,1,6.31,data\processed\Images\240_1.jpg,1895,1895,224,224,RGB,train
240_2.jpg,240,GON-,1,4.33,data\processed\Images\240_2.jpg,1880,1880,224,224,RGB,train
241_0.jpg,241,GON-,1,6.27,data\processed\Images\241_0.jpg,1892,1892,224,224,RGB,train
241_1.jpg,241,GON-,1,6.51,data\processed\Images\241_1.jpg,1879,1879,224,224,RGB,train
241_2.jpg,241,GON-,1,5.63,data\processed\Images\241_2.jpg,1891,1891,224,224,RGB,train
242_0.jpg,242,GON-,1,6.25,data\processed\Images\242_0.jpg,1891,1891,224,224,RGB,train
243_0.jpg,243,GON-,1,4.58,data\processed\Images\243_0.jpg,1878,1878,224,224,RGB,train
243_1.jpg,243,GON-,1,5.36,data\processed\Images\243_1.jpg,1879,1879,224,224,RGB,train
244_0.jpg,244,GON-,1,6.14,data\processed\Images\244_0.jpg,1892,1892,224,224,RGB,train
244_1.jpg,244,GON-,1,5.52,data\processed\Images\244_1.jpg,1880,1880,224,224,RGB,train
247_0.jpg,247,GON-,1,5.54,data\processed\Images\247_0.jpg,1891,1891,224,224,RGB,train
247_1.jpg,247,GON-,1,6.73,data\processed\Images\247_1.jpg,1896,1896,224,224,RGB,train
248_0.jpg,248,GON-,1,7.47,data\processed\Images\248_0.jpg,1894,1894,224,224,RGB,train
251_0.jpg,251,GON-,1,6.81,data\processed\Images\251_0.jpg,1894,1894,224,224,RGB,train
252_0.jpg,252,GON-,1,6.59,data\processed\Images\252_0.jpg,1891,1891,224,224,RGB,train
252_1.jpg,252,GON-,1,6.25,data\processed\Images\252_1.jpg,1891,1891,224,224,RGB,train
253_0.jpg,253,GON-,1,6.5,data\processed\Images\253_0.jpg,1877,1877,224,224,RGB,train
253_1.jpg,253,GON-,1,6.21,data\processed\Images\253_1.jpg,1896,1896,224,224,RGB,train
253_2.jpg,253,GON-,1,6.3,data\processed\Images\253_2.jpg,1877,1877,224,224,RGB,train
254_0.jpg,254,GON-,1,5.04,data\processed\Images\254_0.jpg,1876,1876,224,224,RGB,train
255_0.jpg,255,GON-,1,5.61,data\processed\Images\255_0.jpg,1895,1895,224,224,RGB,train
255_1.jpg,255,GON-,1,7.28,data\processed\Images\255_1.jpg,1886,1886,224,224,RGB,train
255_2.jpg,255,GON-,1,6.44,data\processed\Images\255_2.jpg,1878,1878,224,224,RGB,train
256_0.jpg,256,GON-,1,6.25,data\processed\Images\256_0.jpg,1883,1883,224,224,RGB,train
256_1.jpg,256,GON-,1,6.52,data\processed\Images\256_1.jpg,1880,1880,224,224,RGB,train
257_1.jpg,257,GON-,1,6.42,data\processed\Images\257_1.jpg,1877,1877,224,224,RGB,train
258_0.jpg,258,GON-,1,3.75,data\processed\Images\258_0.jpg,1880,1880,224,224,RGB,train
258_1.jpg,258,GON-,1,5.86,data\processed\Images\258_1.jpg,1892,1892,224,224,RGB,train
26_0.jpg,26,GON+,0,6.49,data\processed\Images\26_0.jpg,1896,1896,224,224,RGB,train
26_1.jpg,26,GON+,0,6.96,data\processed\Images\26_1.jpg,1911,1911,224,224,RGB,train
260_0.jpg,260,GON-,1,6.13,data\processed\Images\260_0.jpg,1896,1896,224,224,RGB,train
261_0.jpg,261,GON-,1,6.87,data\processed\Images\261_0.jpg,1893,1893,224,224,RGB,train
261_1.jpg,261,GON-,1,6.7,data\processed\Images\261_1.jpg,1896,1896,224,224,RGB,train
262_0.jpg,262,GON-,1,6.02,data\processed\Images\262_0.jpg,1881,1881,224,224,RGB,train
263_0.jpg,263,GON-,1,4.86,data\processed\Images\263_0.jpg,1897,1897,224,224,RGB,train
264_0.jpg,264,GON-,1,6.18,data\processed\Images\264_0.jpg,1891,1891,224,224,RGB,train
265_0.jpg,265,GON-,1,5.09,data\processed\Images\265_0.jpg,1878,1878,224,224,RGB,train
265_1.jpg,265,GON-,1,5.29,data\processed\Images\265_1.jpg,1895,1895,224,224,RGB,train
267_0.jpg,267,GON-,1,5.99,data\processed\Images\267_0.jpg,1879,1879,224,224,RGB,train
268_0.jpg,268,GON-,1,5.34,data\processed\Images\268_0.jpg,1894,1894,224,224,RGB,train
269_0.jpg,269,GON-,1,5.35,data\processed\Images\269_0.jpg,1896,1896,224,224,RGB,train
269_1.jpg,269,GON-,1,6.1,data\processed\Images\269_1.jpg,1897,1897,224,224,RGB,train
27_0.jpg,27,GON+,0,5.35,data\processed\Images\27_0.jpg,1919,1919,224,224,RGB,train
27_1.jpg,27,GON+,0,6.44,data\processed\Images\27_1.jpg,1885,1885,224,224,RGB,train
271_0.jpg,271,GON-,1,6.7,data\processed\Images\271_0.jpg,1894,1894,224,224,RGB,train
272_0.jpg,272,GON-,1,5.56,data\processed\Images\272_0.jpg,1893,1893,224,224,RGB,train
272_1.jpg,272,GON-,1,6.75,data\processed\Images\272_1.jpg,1894,1894,224,224,RGB,train
273_0.jpg,273,GON-,1,6.27,data\processed\Images\273_0.jpg,1881,1881,224,224,RGB,train
274_0.jpg,274,GON-,1,6.62,data\processed\Images\274_0.jpg,1903,1903,224,224,RGB,train
276_0.jpg,276,GON-,1,6.78,data\processed\Images\276_0.jpg,1896,1896,224,224,RGB,train
276_1.jpg,276,GON-,1,7.06,data\processed\Images\276_1.jpg,1899,1899,224,224,RGB,train
276_2.jpg,276,GON-,1,7.03,data\processed\Images\276_2.jpg,1898,1898,224,224,RGB,train
277_0.jpg,277,GON-,1,7.38,data\processed\Images\277_0.jpg,1894,1894,224,224,RGB,train
277_1.jpg,277,GON-,1,6.34,data\processed\Images\277_1.jpg,1881,1881,224,224,RGB,train
277_2.jpg,277,GON-,1,6.01,data\processed\Images\277_2.jpg,1894,1894,224,224,RGB,train
279_0.jpg,279,GON-,1,6.43,data\processed\Images\279_0.jpg,1896,1896,224,224,RGB,train
279_1.jpg,279,GON-,1,6.0,data\processed\Images\279_1.jpg,1892,1892,224,224,RGB,train
282_0.jpg,282,GON-,1,5.88,data\processed\Images\282_0.jpg,1878,1878,224,224,RGB,train
282_1.jpg,282,GON-,1,6.68,data\processed\Images\282_1.jpg,1893,1893,224,224,RGB,train
284_0.jpg,284,GON-,1,6.53,data\processed\Images\284_0.jpg,1893,1893,224,224,RGB,train
284_1.jpg,284,GON-,1,7.17,data\processed\Images\284_1.jpg,1894,1894,224,224,RGB,train
285_0.jpg,285,GON-,1,5.68,data\processed\Images\285_0.jpg,1897,1897,224,224,RGB,train
286_0.jpg,286,GON-,1,6.69,data\processed\Images\286_0.jpg,1892,1892,224,224,RGB,train
286_1.jpg,286,GON-,1,6.01,data\processed\Images\286_1.jpg,1881,1881,224,224,RGB,train
287_0.jpg,287,GON-,1,4.51,data\processed\Images\287_0.jpg,1893,1893,224,224,RGB,train
287_1.jpg,287,GON-,1,5.31,data\processed\Images\287_1.jpg,1894,1894,224,224,RGB,train
288_0.jpg,288,GON-,1,4.87,data\processed\Images\288_0.jpg,1893,1893,224,224,RGB,train
30_0.jpg,30,GON+,0,5.41,data\processed\Images\30_0.jpg,1906,1906,224,224,RGB,train
31_0.jpg,31,GON+,0,5.6,data\processed\Images\31_0.jpg,1890,1890,224,224,RGB,train
31_1.jpg,31,GON+,0,6.66,data\processed\Images\31_1.jpg,1915,1915,224,224,RGB,train
31_2.jpg,31,GON+,0,4.14,data\processed\Images\31_2.jpg,1935,1935,224,224,RGB,train
31_3.jpg,31,GON+,0,5.03,data\processed\Images\31_3.jpg,1898,1898,224,224,RGB,train
31_4.jpg,31,GON+,0,6.2,data\processed\Images\31_4.jpg,1886,1886,224,224,RGB,train
31_5.jpg,31,GON+,0,4.37,data\processed\Images\31_5.jpg,1881,1881,224,224,RGB,train
31_6.jpg,31,GON+,0,4.25,data\processed\Images\31_6.jpg,1934,1934,224,224,RGB,train
32_0.jpg,32,GON+,0,6.58,data\processed\Images\32_0.jpg,1879,1879,224,224,RGB,train
32_1.jpg,32,GON+,0,6.4,data\processed\Images\32_1.jpg,1878,1878,224,224,RGB,train
32_2.jpg,32,GON+,0,4.84,data\processed\Images\32_2.jpg,1881,1881,224,224,RGB,train
33_0.jpg,33,GON+,0,6.13,data\processed\Images\33_0.jpg,1924,1924,224,224,RGB,train
33_1.jpg,33,GON+,0,6.35,data\processed\Images\33_1.jpg,1935,1935,224,224,RGB,train
35_0.jpg,35,GON+,0,4.56,data\processed\Images\35_0.jpg,1894,1894,224,224,RGB,train
35_1.jpg,35,GON+,0,6.3,data\processed\Images\35_1.jpg,1896,1896,224,224,RGB,train
36_0.jpg,36,GON+,0,6.28,data\processed\Images\36_0.jpg,1875,1875,224,224,RGB,train
36_1.jpg,36,GON+,0,6.76,data\processed\Images\36_1.jpg,1890,1890,224,224,RGB,train
36_10.jpg,36,GON+,0,6.04,data\processed\Images\36_10.jpg,1916,1916,224,224,RGB,train
36_11.jpg,36,GON+,0,6.36,data\processed\Images\36_11.jpg,1960,1960,224,224,RGB,train
36_2.jpg,36,GON+,0,6.22,data\processed\Images\36_2.jpg,1929,1929,224,224,RGB,train
36_3.jpg,36,GON+,0,6.34,data\processed\Images\36_3.jpg,1960,1960,224,224,RGB,train
36_4.jpg,36,GON+,0,6.97,data\processed\Images\36_4.jpg,1919,1919,224,224,RGB,train
36_5.jpg,36,GON+,0,6.27,data\processed\Images\36_5.jpg,1960,1960,224,224,RGB,train
36_6.jpg,36,GON+,0,6.71,data\processed\Images\36_6.jpg,1937,1937,224,224,RGB,train
36_7.jpg,36,GON+,0,6.1,data\processed\Images\36_7.jpg,1960,1960,224,224,RGB,train
36_8.jpg,36,GON+,0,5.23,data\processed\Images\36_8.jpg,1904,1904,224,224,RGB,train
36_9.jpg,36,GON+,0,6.11,data\processed\Images\36_9.jpg,1895,1895,224,224,RGB,train
38_0.jpg,38,GON+,0,6.48,data\processed\Images\38_0.jpg,1925,1925,224,224,RGB,train
4_0.jpg,4,GON+,0,5.25,data\processed\Images\4_0.jpg,1915,1915,224,224,RGB,train
40_0.jpg,40,GON+,0,5.1,data\processed\Images\40_0.jpg,1894,1894,224,224,RGB,train
40_1.jpg,40,GON+,0,5.2,data\processed\Images\40_1.jpg,1959,1959,224,224,RGB,train
43_0.jpg,43,GON+,0,4.54,data\processed\Images\43_0.jpg,1882,1882,224,224,RGB,train
43_1.jpg,43,GON+,0,6.45,data\processed\Images\43_1.jpg,1896,1896,224,224,RGB,train
43_2.jpg,43,GON+,0,6.18,data\processed\Images\43_2.jpg,1881,1881,224,224,RGB,train
43_3.jpg,43,GON+,0,6.76,data\processed\Images\43_3.jpg,1917,1917,224,224,RGB,train
44_0.jpg,44,GON+,0,6.58,data\processed\Images\44_0.jpg,1899,1899,224,224,RGB,train
44_1.jpg,44,GON+,0,4.53,data\processed\Images\44_1.jpg,1897,1897,224,224,RGB,train
44_2.jpg,44,GON+,0,5.96,data\processed\Images\44_2.jpg,1893,1893,224,224,RGB,train
44_3.jpg,44,GON+,0,6.86,data\processed\Images\44_3.jpg,1896,1896,224,224,RGB,train
44_4.jpg,44,GON+,0,5.7,data\processed\Images\44_4.jpg,1960,1960,224,224,RGB,train
44_5.jpg,44,GON+,0,6.13,data\processed\Images\44_5.jpg,1892,1892,224,224,RGB,train
44_6.jpg,44,GON+,0,4.8,data\processed\Images\44_6.jpg,1912,1912,224,224,RGB,train
45_0.jpg,45,GON+,0,6.03,data\processed\Images\45_0.jpg,1950,1950,224,224,RGB,train
46_0.jpg,46,GON+,0,4.74,data\processed\Images\46_0.jpg,1902,1902,224,224,RGB,train
46_1.jpg,46,GON+,0,6.19,data\processed\Images\46_1.jpg,1893,1893,224,224,RGB,train
47_0.jpg,47,GON+,0,6.3,data\processed\Images\47_0.jpg,1919,1919,224,224,RGB,train
47_1.jpg,47,GON+,0,6.65,data\processed\Images\47_1.jpg,1896,1896,224,224,RGB,train
47_2.jpg,47,GON+,0,5.87,data\processed\Images\47_2.jpg,1912,1912,224,224,RGB,train
47_3.jpg,47,GON+,0,6.83,data\processed\Images\47_3.jpg,1882,1882,224,224,RGB,train
47_4.jpg,47,GON+,0,7.0,data\processed\Images\47_4.jpg,1904,1904,224,224,RGB,train
47_5.jpg,47,GON+,0,6.43,data\processed\Images\47_5.jpg,1889,1889,224,224,RGB,train
47_6.jpg,47,GON+,0,6.39,data\processed\Images\47_6.jpg,1895,1895,224,224,RGB,train
47_7.jpg,47,GON+,0,6.34,data\processed\Images\47_7.jpg,1884,1884,224,224,RGB,train
51_0.jpg,51,GON+,0,6.25,data\processed\Images\51_0.jpg,1914,1914,224,224,RGB,train
52_0.jpg,52,GON+,0,6.62,data\processed\Images\52_0.jpg,1920,1920,224,224,RGB,train
52_1.jpg,52,GON+,0,6.33,data\processed\Images\52_1.jpg,1920,1920,224,224,RGB,train
53_0.jpg,53,GON+,0,5.55,data\processed\Images\53_0.jpg,1919,1919,224,224,RGB,train
53_1.jpg,53,GON+,0,7.01,data\processed\Images\53_1.jpg,1880,1880,224,224,RGB,train
53_2.jpg,53,GON+,0,6.32,data\processed\Images\53_2.jpg,1883,1883,224,224,RGB,train
53_3.jpg,53,GON+,0,5.68,data\processed\Images\53_3.jpg,1905,1905,224,224,RGB,train
53_4.jpg,53,GON+,0,5.88,data\processed\Images\53_4.jpg,1920,1920,224,224,RGB,train
56_0.jpg,56,GON+,0,6.21,data\processed\Images\56_0.jpg,1900,1900,224,224,RGB,train
56_2.jpg,56,GON+,0,4.34,data\processed\Images\56_2.jpg,1907,1907,224,224,RGB,train
56_3.jpg,56,GON+,0,6.47,data\processed\Images\56_3.jpg,1921,1921,224,224,RGB,train
57_0.jpg,57,GON+,0,5.18,data\processed\Images\57_0.jpg,1934,1934,224,224,RGB,train
57_1.jpg,57,GON+,0,6.06,data\processed\Images\57_1.jpg,1959,1959,224,224,RGB,train
57_2.jpg,57,GON+,0,5.64,data\processed\Images\57_2.jpg,1934,1934,224,224,RGB,train
58_0.jpg,58,GON+,0,4.48,data\processed\Images\58_0.jpg,1912,1912,224,224,RGB,train
58_1.jpg,58,GON+,0,3.6,data\processed\Images\58_1.jpg,1892,1892,224,224,RGB,train
58_2.jpg,58,GON+,0,3.6,data\processed\Images\58_2.jpg,1880,1880,224,224,RGB,train
59_0.jpg,59,GON+,0,5.58,data\processed\Images\59_0.jpg,1896,1896,224,224,RGB,train
59_1.jpg,59,GON+,0,6.36,data\processed\Images\59_1.jpg,1915,1915,224,224,RGB,train
6_0.jpg,6,GON+,0,7.04,data\processed\Images\6_0.jpg,1919,1919,224,224,RGB,train
6_1.jpg,6,GON+,0,6.19,data\processed\Images\6_1.jpg,1889,1889,224,224,RGB,train
60_0.jpg,60,GON+,0,4.16,data\processed\Images\60_0.jpg,1959,1959,224,224,RGB,train
61_0.jpg,61,GON+,0,4.17,data\processed\Images\61_0.jpg,1895,1895,224,224,RGB,train
61_1.jpg,61,GON+,0,4.99,data\processed\Images\61_1.jpg,1890,1890,224,224,RGB,train
61_2.jpg,61,GON+,0,5.71,data\processed\Images\61_2.jpg,1893,1893,224,224,RGB,train
61_3.jpg,61,GON+,0,5.19,data\processed\Images\61_3.jpg,1898,1898,224,224,RGB,train
61_4.jpg,61,GON+,0,6.57,data\processed\Images\61_4.jpg,1915,1915,224,224,RGB,train
62_0.jpg,62,GON+,0,3.42,data\processed\Images\62_0.jpg,1876,1876,224,224,RGB,train
62_1.jpg,62,GON+,0,5.64,data\processed\Images\62_1.jpg,1903,1903,224,224,RGB,train
62_2.jpg,62,GON+,0,6.47,data\processed\Images\62_2.jpg,1911,1911,224,224,RGB,train
62_3.jpg,62,GON+,0,6.48,data\processed\Images\62_3.jpg,1877,1877,224,224,RGB,train
62_4.jpg,62,GON+,0,7.12,data\processed\Images\62_4.jpg,1880,1880,224,224,RGB,train
62_5.jpg,62,GON+,0,7.09,data\processed\Images\62_5.jpg,1917,1917,224,224,RGB,train
63_0.jpg,63,GON+,0,5.92,data\processed\Images\63_0.jpg,1916,1916,224,224,RGB,train
63_1.jpg,63,GON+,0,5.95,data\processed\Images\63_1.jpg,1932,1932,224,224,RGB,train
63_2.jpg,63,GON+,0,7.13,data\processed\Images\63_2.jpg,1892,1892,224,224,RGB,train
63_3.jpg,63,GON+,0,5.54,data\processed\Images\63_3.jpg,1898,1898,224,224,RGB,train
63_4.jpg,63,GON+,0,6.7,data\processed\Images\63_4.jpg,1897,1897,224,224,RGB,train
63_5.jpg,63,GON+,0,6.71,data\processed\Images\63_5.jpg,1903,1903,224,224,RGB,train
63_6.jpg,63,GON+,0,6.51,data\processed\Images\63_6.jpg,1907,1907,224,224,RGB,train
65_0.jpg,65,GON+,0,7.16,data\processed\Images\65_0.jpg,1883,1883,224,224,RGB,train
65_1.jpg,65,GON+,0,6.91,data\processed\Images\65_1.jpg,1888,1888,224,224,RGB,train
65_2.jpg,65,GON+,0,6.98,data\processed\Images\65_2.jpg,1888,1888,224,224,RGB,train
65_3.jpg,65,GON+,0,6.36,data\processed\Images\65_3.jpg,1891,1891,224,224,RGB,train
65_4.jpg,65,GON+,0,6.81,data\processed\Images\65_4.jpg,1877,1877,224,224,RGB,train
65_5.jpg,65,GON+,0,6.67,data\processed\Images\65_5.jpg,1884,1884,224,224,RGB,train
65_6.jpg,65,GON+,0,6.84,data\processed\Images\65_6.jpg,1909,1909,224,224,RGB,train
65_7.jpg,65,GON+,0,6.49,data\processed\Images\65_7.jpg,1896,1896,224,224,RGB,train
66_0.jpg,66,GON+,0,7.32,data\processed\Images\66_0.jpg,1886,1886,224,224,RGB,train
66_1.jpg,66,GON+,0,5.09,data\processed\Images\66_1.jpg,1903,1903,224,224,RGB,train
66_2.jpg,66,GON+,0,6.82,data\processed\Images\66_2.jpg,1889,1889,224,224,RGB,train
66_3.jpg,66,GON+,0,7.56,data\processed\Images\66_3.jpg,1908,1908,224,224,RGB,train
66_4.jpg,66,GON+,0,5.42,data\processed\Images\66_4.jpg,1919,1919,224,224,RGB,train
66_5.jpg,66,GON+,0,7.53,data\processed\Images\66_5.jpg,1890,1890,224,224,RGB,train
68_0.jpg,68,GON+,0,6.17,data\processed\Images\68_0.jpg,1895,1895,224,224,RGB,train
68_1.jpg,68,GON+,0,6.52,data\processed\Images\68_1.jpg,1878,1878,224,224,RGB,train
7_0.jpg,7,GON+,0,2.34,data\processed\Images\7_0.jpg,1897,1897,224,224,RGB,train
70_0.jpg,70,GON+,0,5.97,data\processed\Images\70_0.jpg,1880,1880,224,224,RGB,train
70_1.jpg,70,GON+,0,6.13,data\processed\Images\70_1.jpg,1911,1911,224,224,RGB,train
70_2.jpg,70,GON+,0,6.66,data\processed\Images\70_2.jpg,1886,1886,224,224,RGB,train
72_0.jpg,72,GON+,0,5.62,data\processed\Images\72_0.jpg,1903,1903,224,224,RGB,train
72_1.jpg,72,GON+,0,6.21,data\processed\Images\72_1.jpg,1920,1920,224,224,RGB,train
72_2.jpg,72,GON+,0,5.78,data\processed\Images\72_2.jpg,1885,1885,224,224,RGB,train
72_3.jpg,72,GON+,0,6.01,data\processed\Images\72_3.jpg,1906,1906,224,224,RGB,train
73_0.jpg,73,GON+,0,7.26,data\processed\Images\73_0.jpg,1916,1916,224,224,RGB,train
73_1.jpg,73,GON+,0,6.78,data\processed\Images\73_1.jpg,1915,1915,224,224,RGB,train
73_2.jpg,73,GON+,0,7.34,data\processed\Images\73_2.jpg,1917,1917,224,224,RGB,train
73_3.jpg,73,GON+,0,6.92,data\processed\Images\73_3.jpg,1890,1890,224,224,RGB,train
75_0.jpg,75,GON+,0,6.82,data\processed\Images\75_0.jpg,1893,1893,224,224,RGB,train
75_1.jpg,75,GON+,0,7.43,data\processed\Images\75_1.jpg,1894,1894,224,224,RGB,train
75_2.jpg,75,GON+,0,6.85,data\processed\Images\75_2.jpg,1909,1909,224,224,RGB,train
76_0.jpg,76,GON+,0,6.33,data\processed\Images\76_0.jpg,1894,1894,224,224,RGB,train
76_1.jpg,76,GON+,0,7.18,data\processed\Images\76_1.jpg,1875,1875,224,224,RGB,train
78_0.jpg,78,GON+,0,5.53,data\processed\Images\78_0.jpg,1901,1901,224,224,RGB,train
78_1.jpg,78,GON+,0,5.67,data\processed\Images\78_1.jpg,1882,1882,224,224,RGB,train
79_0.jpg,79,GON+,0,5.58,data\processed\Images\79_0.jpg,1889,1889,224,224,RGB,train
79_1.jpg,79,GON+,0,5.82,data\processed\Images\79_1.jpg,1875,1875,224,224,RGB,train
8_0.jpg,8,GON+,0,4.22,data\processed\Images\8_0.jpg,1940,1940,224,224,RGB,train
8_1.jpg,8,GON+,0,4.25,data\processed\Images\8_1.jpg,1890,1890,224,224,RGB,train
8_2.jpg,8,GON+,0,4.73,data\processed\Images\8_2.jpg,1891,1891,224,224,RGB,train
8_3.jpg,8,GON+,0,5.57,data\processed\Images\8_3.jpg,1900,1900,224,224,RGB,train
80_0.jpg,80,GON+,0,4.38,data\processed\Images\80_0.jpg,1901,1901,224,224,RGB,train
80_1.jpg,80,GON+,0,6.33,data\processed\Images\80_1.jpg,1882,1882,224,224,RGB,train
80_2.jpg,80,GON+,0,6.55,data\processed\Images\80_2.jpg,1886,1886,224,224,RGB,train
81_0.jpg,81,GON+,0,5.35,data\processed\Images\81_0.jpg,1892,1892,224,224,RGB,train
81_1.jpg,81,GON+,0,6.74,data\processed\Images\81_1.jpg,1877,1877,224,224,RGB,train
81_2.jpg,81,GON+,0,7.36,data\processed\Images\81_2.jpg,1899,1899,224,224,RGB,train
83_0.jpg,83,GON+,0,6.56,data\processed\Images\83_0.jpg,1894,1894,224,224,RGB,train
83_1.jpg,83,GON+,0,4.15,data\processed\Images\83_1.jpg,1960,1960,224,224,RGB,train
84_0.jpg,84,GON+,0,4.27,data\processed\Images\84_0.jpg,1921,1921,224,224,RGB,train
84_1.jpg,84,GON+,0,5.88,data\processed\Images\84_1.jpg,1924,1924,224,224,RGB,train
85_0.jpg,85,GON+,0,6.13,data\processed\Images\85_0.jpg,1904,1904,224,224,RGB,train
86_0.jpg,86,GON+,0,6.92,data\processed\Images\86_0.jpg,1879,1879,224,224,RGB,train
87_0.jpg,87,GON+,0,6.45,data\processed\Images\87_0.jpg,1886,1886,224,224,RGB,train
87_1.jpg,87,GON+,0,5.85,data\processed\Images\87_1.jpg,1891,1891,224,224,RGB,train
87_2.jpg,87,GON+,0,7.39,data\processed\Images\87_2.jpg,1916,1916,224,224,RGB,train
87_3.jpg,87,GON+,0,6.36,data\processed\Images\87_3.jpg,1885,1885,224,224,RGB,train
87_4.jpg,87,GON+,0,6.73,data\processed\Images\87_4.jpg,1925,1925,224,224,RGB,train
87_5.jpg,87,GON+,0,6.95,data\processed\Images\87_5.jpg,1894,1894,224,224,RGB,train
87_6.jpg,87,GON+,0,5.88,data\processed\Images\87_6.jpg,1892,1892,224,224,RGB,train
90_0.jpg,90,GON+,0,4.15,data\processed\Images\90_0.jpg,1887,1887,224,224,RGB,train
95_0.jpg,95,GON+,0,3.78,data\processed\Images\95_0.jpg,1876,1876,224,224,RGB,train
95_1.jpg,95,GON+,0,7.04,data\processed\Images\95_1.jpg,1877,1877,224,224,RGB,train
97_0.jpg,97,GON+,0,4.29,data\processed\Images\97_0.jpg,1926,1926,224,224,RGB,train
98_0.jpg,98,GON+,0,5.43,data\processed\Images\98_0.jpg,1890,1890,224,224,RGB,train
